{
  "probe_val_acc": {
    "above": 0.9200000166893005,
    "left_of": 0.9150000214576721,
    "touching": 0.8349999785423279,
    "occluded": 0.9333333373069763
  },
  "tl_only_retraction": {
    "active": 50,
    "correct": 50
  },
  "e2e_retraction": {
    "active": 50,
    "correct": 48
  },
  "depth1_acc": {
    "above": 0.9200000166893005,
    "left_of": 0.9150000214576721,
    "touching": 0.8349999785423279,
    "occluded": 0.9333333373069763
  },
  "depth2_acc": {
    "blocked_path": 0.91,
    "same_side": 0.9266666666666666
  },
  "gates": {
    "probe": true,
    "tl_only": true,
    "e2e": true
  }
}